<?xml version="1.0" encoding="UTF-8"?>
<rss version="2.0" xmlns:atom="http://www.w3.org/2005/Atom">
  <channel>
    <title>Dr Isah A. Lawal</title>
    <description>Room: 3 &lt;br&gt;Elvegata 2A, 4608, Kristiansand &lt;br&gt;Noroff University College, Norway
</description>
    <link>https://isahalawal.github.io/IsahALawal</link>
    <atom:link href="https://isahalawal.github.io/IsahALawal/feed.xml" rel="self" type="application/rss+xml"/>
    <pubDate>Thurssday, 20 June 2019 13:31:47 +0100</pubDate>
    <generator>Jekyll v3.1.3</generator>

      <item>
        <title>Hello World!</title>
        <description>&lt;p&gt;Hello world&lt;/p&gt;
</description>
        <pubDate>Thu, 10 Mar 2016 00:10:16 +0000</pubDate>
        <link>https://isahalawal.github.io/IsahALawal/blog2016/03/Hello-World</link>
        <guid isPermaLink="true">https://isahalawal.github.io/IsahALawal/blog2016/03/Hello-World</guid>


      </item>

  </channel>
</rss>
